Transaction Signature,Date,From,To,Amount
3NMB3HqgEgmYiWHRf8JaZBpyy7324cBPa4APaRwTbnPCnRLA32Ug26g4uGCKBVr1ARUzAJCzAr1gM63GCiRow4Vp,2024-08-22 18:35:23,EoWofJZcE2oRm39fW8nmXZ1qiGomea8pi3kMxFFH9utT,En9mv8SNVMhPoB1aFq4LYPM4WgUnbGcVA5DmMSV5Uj3H,535.539679
4xAZAq3jcrF8VrHZFW4zm5FAZg7pARU9FtZXeH5depebRZDX1Sb9PYjjTfGQJiiiHPKANjV4Mhdje6EXAMoqmVTD,2024-08-22 18:34:25,DdBanbbaJ71j9bb9UDdui4CR3yG1N71di1T2BqRQmhf5,EoWofJZcE2oRm39fW8nmXZ1qiGomea8pi3kMxFFH9utT,535.539679
KqS9vtN8TBJK3KjmxHR6cuvtQ9JgWvSYHkxQzgddeSTdc7Y6vEj9rd6JavARkBNATzY2P2hVGXoog27bmiupicW,2024-07-29 06:11:47,EoWofJZcE2oRm39fW8nmXZ1qiGomea8pi3kMxFFH9utT,HU23r7UoZbqTUuh3vA7emAGztFtqwTeVips789vqxxBw,700
2VCFQWDLYyUwFVmQZAn9X66AvdfnbEJjk6eAxR7jMeSfdKeAQCw8kYsetCohJS65V6p73w6Eb36sJ7MVzcuZC7WZ,2024-07-24 19:40:11,EoWofJZcE2oRm39fW8nmXZ1qiGomea8pi3kMxFFH9utT,GP8StUXNYSZjPikyRsvkTbvRV1GBxMErb59cpeCJnDf1,3785
9T31H3QYtVR3HdbcGpjjBn5Hd5jadyEjxcsqpmaWaAjaRY6JjKicinpQwkQMFXMzSkVbybgYfsAJzFfZ6PrHDkJ,2024-06-07 20:00:14,EoWofJZcE2oRm39fW8nmXZ1qiGomea8pi3kMxFFH9utT,En9mv8SNVMhPoB1aFq4LYPM4WgUnbGcVA5DmMSV5Uj3H,957.58985
pKKH142YsJjx5VDTkXyX5vcwbGDYJRxKWfPg7mu2NwM6qN37W5RhmSejW96GanEnNEo5SL3HT2WA9inc2HPbgEo,2024-06-07 18:57:12,AC5RDfQFmDS1deWZos921JfqscXdByf8BKHs5ACWjtW2,EoWofJZcE2oRm39fW8nmXZ1qiGomea8pi3kMxFFH9utT,957.58985
2EgGXJNK7jM65E8Gsg9kkvcFpLoqNo68qUxMWGuRfwXRfbQFAzpHgjvGZ2cDB5bAm5xpu1fS4wVkVr7WuTtf9k9n,2024-05-03 15:49:23,EoWofJZcE2oRm39fW8nmXZ1qiGomea8pi3kMxFFH9utT,En9mv8SNVMhPoB1aFq4LYPM4WgUnbGcVA5DmMSV5Uj3H,2590.0002
2z1TrzL12jvPNpGBjq22qhW2efUxQY194qB8j6MjXePsz623rtEcTgweYpMFK61RUKoamXaMEB6NeDoqJpJJW8MJ,2024-05-03 15:45:29,2MBwwAhL3c73Jy7HkWd9ofzh1bU39JBabrZCFQR2tUof,EoWofJZcE2oRm39fW8nmXZ1qiGomea8pi3kMxFFH9utT,2590.0002
4xAtERiW5xECFA6Kzh44AtePbHpNq2cL3AByYsgVNjqo4cEJAVbAu4QniZnfJahphMZSHyiputYpY5MR51TSXX2M,2024-04-18 08:23:11,EoWofJZcE2oRm39fW8nmXZ1qiGomea8pi3kMxFFH9utT,2MBwwAhL3c73Jy7HkWd9ofzh1bU39JBabrZCFQR2tUof,2590
5xxVWwja9XWvhmmHjqwFr37rYZtTLZokjNA8EWLbf6Hx4oA3Epeyz4t7sQ2RZTbo55BDsuw41R6bxRJNbDFFCMyh,2024-04-08 11:01:28,EoWofJZcE2oRm39fW8nmXZ1qiGomea8pi3kMxFFH9utT,DdBanbbaJ71j9bb9UDdui4CR3yG1N71di1T2BqRQmhf5,500
2zic5CdbkJ2jvaqDLHK7fwYbwvd4mqkK3s98irqRsVDEpyKsziKiwJQzR2omKRcAUApqAMw7CtecFCxsVhSHFgD6,2024-04-01 03:55:02,EoWofJZcE2oRm39fW8nmXZ1qiGomea8pi3kMxFFH9utT,HU23r7UoZbqTUuh3vA7emAGztFtqwTeVips789vqxxBw,1453
2UKGT3DaW5BSyQ2xR8xteb9kWp3mQV4Ffwv2xjuHotTreGqCVzY7afgqgYqyrd5Pr1V3aoEfNiq7W8EjisxePWg2,2024-03-06 06:16:38,EoWofJZcE2oRm39fW8nmXZ1qiGomea8pi3kMxFFH9utT,Br7cqsZX78d4ELvXUGHWMuaFzQuW8FrL9EgE7nbmFe7j,200
3TyHUGxBB9ZgGqvg2AL4LRDeLk2uND3YamuCQm9iC1MQdtVC5MMTCaMzFMLMLwPFuA2L5LwvQhZ6CrYo8jGH1nwN,2024-03-04 18:17:07,EoWofJZcE2oRm39fW8nmXZ1qiGomea8pi3kMxFFH9utT,En9mv8SNVMhPoB1aFq4LYPM4WgUnbGcVA5DmMSV5Uj3H,1716.95645
49ZRXPuc1N4AQudmUbpGKsTk3C7teVoBQek2LfqEKoknrN7eDk6iEpxrkAFcmDnfeGqaEsS4fNs3vbjeAfw3FmN7,2024-03-04 18:14:46,DSN3j1ykL3obAVNv7ZX49VsFCPe4LqzxHnmtLiPwY6xg,EoWofJZcE2oRm39fW8nmXZ1qiGomea8pi3kMxFFH9utT,1716.95645
2bYfkvcS3vMiFMJQbNWfnk2ZsgSHP4nSVZBMQR8HEfhJe65rHmJCmS11URfszaBcXPRbj2qwsDRXjzQeGwdH7VH9,2024-02-12 11:29:32,EoWofJZcE2oRm39fW8nmXZ1qiGomea8pi3kMxFFH9utT,En9mv8SNVMhPoB1aFq4LYPM4WgUnbGcVA5DmMSV5Uj3H,694.21
DmT73vLi1yR3Enau8G1dJM187xJDGAcZdPdigCpoe6v6Jr8P5LrpSs53NQ7bJyeGy3vpjK7WF2y1fmMmjTFfv1C,2024-02-12 11:28:27,GP8StUXNYSZjPikyRsvkTbvRV1GBxMErb59cpeCJnDf1,EoWofJZcE2oRm39fW8nmXZ1qiGomea8pi3kMxFFH9utT,694.21
cR5ZwKNACZuALLfo5kvsu9sipJHSKtAfQoEJQNgm3HRtjXFJwtF413azSXXkFk73GPKASDFQ3o9nF1mQQ2wqi7b,2024-01-31 17:46:58,EoWofJZcE2oRm39fW8nmXZ1qiGomea8pi3kMxFFH9utT,4G3ScqSqpHUdLJyD2vGcretyEAQQeNfJVJSur4XMEpda,3200
3Qv9rjHkRhS4iabZknmdotQKM9kehiD3ey15r1MVkRrLbw6xz9Br5hwFsfMSLvtDmuFQfVvv1kDS7RKhiVHDtn7,2024-01-31 17:46:29,Hcp68Li4p4cYRfcBAT49JWfsb3b8C7ejrHeqjVYzTqcV,EoWofJZcE2oRm39fW8nmXZ1qiGomea8pi3kMxFFH9utT,3200
3Pigcvc4yYSZYAmdi4ohi9JhwHgqVbhZ2Zqx7KPp9yvcBM91Cw5bBD4AHR7pHWwrSkzNKebSWqNf91Q8C5NbLQJu,2024-01-31 17:20:33,EoWofJZcE2oRm39fW8nmXZ1qiGomea8pi3kMxFFH9utT,4G3ScqSqpHUdLJyD2vGcretyEAQQeNfJVJSur4XMEpda,1200
4syDdRon1JZUm2ubzidRGnZGkKahKt5edtp8qWPcgdnyNvyxXCMKRw7uvbNKw2qAHJb94JUZNYXMxuLRC1sRKZGR,2024-01-31 17:06:04,CR4c45gQLfdCUkgFkKHF971tjPUU3wm5bbC2ak552h6t,EoWofJZcE2oRm39fW8nmXZ1qiGomea8pi3kMxFFH9utT,1200
